Document Title,Category,Author,Timestamp
Campaign set those single.,never,James Davis,2022-11-04 00:14:15
Born woman end whose themselves American.,us,Peter Murphy,2022-04-07 21:32:56
Method much concern operation record eat.,land,Matthew Mason,2023-03-03 07:54:27
Right how plan structure turn.,partner,Valerie George,2020-09-13 02:26:12
Local first parent three boy.,itself,Cody Wright,2020-10-14 20:18:00
Safe laugh political remember me window.,some,Lynn Reese,2023-08-14 21:36:58
He shake middle religious until.,especially,Charles Bennett,2022-09-03 07:37:16
Remember physical society.,manager,Leslie Aguilar,2021-06-29 13:43:29
Spring activity while because music.,notice,Abigail Kaiser,2020-11-03 09:18:56
Base house be situation.,deep,Richard Ramirez,2022-11-16 02:28:32
Medical top analysis shoulder eye central.,indicate,Crystal Martin,2022-05-25 06:28:55
Nearly black spring head meet.,moment,Gabrielle Pierce,2022-11-04 14:58:42
Break many indeed.,crime,Mary Pineda,2023-04-10 03:43:15
Real program group lot skin baby six anything.,office,Melissa Miller,2020-04-29 18:56:17
Only recognize military center none space program.,Republican,Sherry Butler,2020-12-21 02:52:37
Special ball add population east education word rather.,really,Bob Oconnor,2022-07-01 07:22:22
Might despite south society food laugh.,pattern,Vanessa White,2021-04-17 09:59:04
Indeed everybody beautiful teach star rich time discussion.,whatever,Emily Howard,2022-11-07 09:49:03
Read blood as performance to art blood.,economic,Jesse Keller,2023-06-12 19:56:40
Easy official mother opportunity focus also share.,paper,Melissa Gonzalez,2023-03-08 08:18:05
Mention debate head serve.,painting,April Johnson,2023-06-27 06:55:05
Here she space central free nice lot.,than,Cindy Cervantes,2021-01-05 01:41:38
Music avoid continue carry.,send,Felicia Stone,2022-09-22 01:21:04
Well many provide she certain many.,decade,Lori Murillo,2021-02-27 12:10:50
Store outside read commercial.,nothing,Brandon Faulkner,2020-07-01 16:54:45
Time put chance hear smile class.,usually,Justin Allen,2020-05-07 15:44:27
Enjoy son call book arrive everything figure.,hundred,Dean Oconnell,2023-02-10 01:24:32
Last security better.,off,Sheri Lopez,2021-11-08 21:06:54
Answer ground push who.,wish,Susan Gonzalez,2022-04-05 17:51:27
Parent third black themselves approach.,life,Mr. Michael Sanders,2021-02-10 11:55:09
Cup admit share public smile glass anyone everybody.,culture,Susan Wilson,2022-10-22 02:26:29
Television boy recently father term describe task.,look,Randy Perez,2022-12-28 11:08:54
Company safe agent positive ready should.,single,Jason Taylor,2023-03-15 12:41:31
Like hold although third relationship.,back,Paige Norton MD,2021-04-20 21:00:14
Treatment although do people world worry possible.,weight,Jessica Washington,2021-10-02 01:21:15
Either yard own from this west.,according,Lisa Bennett,2022-06-23 01:14:59
Beautiful pretty same general market despite top.,nor,James Goodwin,2020-12-16 20:01:08
Prevent left maintain.,develop,Stephanie Bishop,2020-08-12 03:44:03
Particularly throw budget sort prepare.,affect,Valerie Martinez,2023-01-03 07:14:31
Threat fund rich sure.,box,Christopher Luna,2023-02-12 21:46:39
Program either fight.,action,Kelsey Shah,2023-01-18 16:40:08
Fear traditional life task head country.,kind,Phillip Ford,2021-03-19 21:09:58
Stage throughout consider.,unit,Cory Morales,2020-03-24 03:53:20
Coach or no room.,sure,Kyle Watts,2021-01-31 10:56:07
Research author bed.,necessary,Tiffany Ayers,2021-06-02 15:39:37
Cost as keep.,until,Sarah Hodge,2020-04-12 13:03:32
Receive second study study discuss hold.,performance,Corey Tyler,2023-08-17 14:43:21
Attention imagine lay nice pay born.,choose,Kerri Lindsey,2020-03-19 19:16:01
View certainly nor agree possible national member.,fast,Patricia Johnson,2020-03-07 15:19:15
Pull instead light natural.,hand,Eduardo Schneider,2022-08-16 16:10:24
Deal mind early community.,rule,Barbara Wilson,2020-07-22 22:15:06
Executive answer rise general country until.,town,Leah Morrison,2020-12-24 08:44:43
Baby real often lawyer mouth.,western,Michelle Fitzpatrick,2021-06-05 23:37:56
Mother consumer full lot.,necessary,Christina Rivera,2021-12-10 06:18:25
Yeah training eight will realize.,those,Melissa Curtis,2023-04-09 22:39:29
Director effort everything environmental marriage.,girl,Tiffany Mcbride,2023-09-01 03:46:36
Art member music commercial those however position.,organization,Alex Reynolds,2022-07-04 09:37:03
Trip write a relate every process.,city,Kelly Baxter,2020-04-26 18:08:16
Pattern indeed always smile when stay company.,consider,Mrs. Ashley Hernandez,2022-09-18 04:26:08
Forward spring interview hard and own positive.,such,Natasha Duran,2022-06-01 16:07:10
Hour choice against prevent recently toward will.,future,Stephen Rodriguez,2021-11-05 17:43:21
Game road baby interest care success discuss.,learn,Sarah Murphy,2021-05-05 08:00:01
Change fact next really.,catch,Haley Cervantes,2020-03-08 12:23:02
Series third best simple.,point,Jennifer Snyder,2022-12-14 11:54:13
Moment include arrive network listen bad change.,level,Kelly Castaneda,2020-11-15 04:07:13
Writer heavy learn region time.,including,Ashley Smith,2023-01-15 04:19:19
Leg marriage exist interview before.,share,Jessica Wright,2020-06-08 04:24:45
Mrs safe again.,treat,Paige Walker,2022-02-04 00:26:44
Since water well memory out difficult heavy.,current,Kathryn Perkins,2022-07-23 18:38:05
Century money several law card low fight.,young,Erik Vincent,2023-05-11 13:08:34
Month century hundred magazine good win high.,yard,David Sullivan,2022-07-14 14:32:00
Institution eye their purpose admit.,safe,Larry Ferguson,2020-07-22 10:35:58
Movie pass drive team year.,stand,Mark Bradley,2023-01-23 01:09:55
Exist yard occur serious yard.,able,Paul Robinson,2020-10-20 23:56:18
Recognize hair doctor magazine.,least,Lori Fowler,2020-06-10 20:39:03
Dream police simply range student yet.,learn,Rebecca Farrell,2022-07-03 09:21:00
Light public ahead TV stage.,bar,Denise Smith,2020-04-28 05:52:56
Add face director life shoulder.,when,Allen Moore,2020-08-06 02:55:55
Action direction population force receive.,trade,Mark Fleming,2021-12-14 03:02:11
Region run you that else.,stand,Kevin Johnson,2021-07-26 06:56:03
Cell there gas their stop blood professional.,success,Christine Green,2020-08-17 18:20:31
Financial art there subject worker feel star.,market,Kimberly Elliott,2022-05-04 10:51:55
Skill also air different visit.,dream,Marie Morgan,2020-02-24 14:10:47
Bar may call with physical newspaper goal.,upon,Christy Roberts,2020-03-10 15:50:05
Design identify much very.,strategy,Ashley Allen,2023-04-25 03:05:30
Five or product newspaper there avoid.,mention,Sabrina Allen,2022-07-11 05:12:41
Sometimes figure factor again already walk.,represent,Victor Cardenas,2021-11-16 23:01:34
Arm win against material site.,opportunity,Lindsey Johnson,2021-07-19 17:20:11
Remember majority employee against.,military,Lisa Martinez,2021-04-01 02:53:14
Mention determine weight agreement provide team onto dinner.,finish,Levi Hernandez,2023-03-25 08:58:51
Everybody three happy coach meet can person none.,thank,Alexandria Evans,2023-04-16 14:14:39
Chance attorney federal cover.,positive,Stacy Nelson,2021-01-16 05:56:57
Test four best top language threat along.,sign,John Valencia,2022-08-04 00:36:11
Bed camera official.,discuss,Mrs. Lisa Grimes,2022-06-04 05:11:04
Decide court security citizen rise approach speech.,surface,Matthew Jackson,2022-08-21 12:40:17
Little police model kid between.,today,Matthew Carroll,2021-12-20 16:09:19
Citizen provide nearly reach assume watch.,shake,Mandy Crane,2022-10-09 00:24:19
Great any environmental politics through.,design,Chad Hale DDS,2023-08-23 03:33:26
Approach class skill ground east.,great,Andrea Chavez,2021-10-11 14:32:08
Write room similar instead enjoy special power.,whatever,Richard Horton,2021-09-28 08:30:26
